{
	"class_name" : "PinholeCameraParameters",
	"extrinsic" : 
	[
		0.98705383751538389,
		-0.14768928117943522,
		-0.0625507639510193,
		0.0,
		0.15596216036656493,
		0.97480600986548682,
		0.15946487909230223,
		0.0,
		0.037423607254623389,
		-0.16715597313536362,
		0.98521995222651748,
		0.0,
		-0.15603331058321229,
		0.44022344194372204,
		1.934622954715161,
		1.0
	],
	"intrinsic" : 
	{
		"height" : 752,
		"intrinsic_matrix" : 
		[
			651.25110364589796,
			0.0,
			0.0,
			0.0,
			651.25110364589796,
			0.0,
			692.5,
			375.5,
			1.0
		],
		"width" : 1386
	},
	"version_major" : 1,
	"version_minor" : 0
}